hts_code,material,article_type,chapter_99_claim,chapter_99_disclaim,duty_rate
7406.10.00,copper,primary,9903.78.01,9903.78.02,0.5
7409.19.90,copper,primary,9903.78.01,9903.78.02,0.5
7413.00.10,copper,primary,9903.78.01,9903.78.02,0.5
7406.20.00,copper,primary,9903.78.01,9903.78.02,0.5
7409.21.00,copper,primary,9903.78.01,9903.78.02,0.5
7413.00.50,copper,primary,9903.78.01,9903.78.02,0.5
7407.10.15,copper,primary,9903.78.01,9903.78.02,0.5
7409.29.00,copper,primary,9903.78.01,9903.78.02,0.5
7413.00.90,copper,primary,9903.78.01,9903.78.02,0.5
7407.10.30,copper,primary,9903.78.01,9903.78.02,0.5
7409.31.10,copper,primary,9903.78.01,9903.78.02,0.5
7415.10.00,copper,primary,9903.78.01,9903.78.02,0.5
7407.10.50,copper,primary,9903.78.01,9903.78.02,0.5
7409.31.50,copper,primary,9903.78.01,9903.78.02,0.5
7415.21.00,copper,primary,9903.78.01,9903.78.02,0.5
7407.21.15,copper,primary,9903.78.01,9903.78.02,0.5
7409.31.90,copper,primary,9903.78.01,9903.78.02,0.5
7415.29.00,copper,primary,9903.78.01,9903.78.02,0.5
7407.21.30,copper,primary,9903.78.01,9903.78.02,0.5
7409.39.10,copper,primary,9903.78.01,9903.78.02,0.5
7415.33.05,copper,primary,9903.78.01,9903.78.02,0.5
7407.21.50,copper,primary,9903.78.01,9903.78.02,0.5
7409.39.50,copper,primary,9903.78.01,9903.78.02,0.5
7415.33.10,copper,primary,9903.78.01,9903.78.02,0.5
7407.21.70,copper,primary,9903.78.01,9903.78.02,0.5
7409.39.90,copper,primary,9903.78.01,9903.78.02,0.5
7415.33.80,copper,primary,9903.78.01,9903.78.02,0.5
7407.21.90,copper,primary,9903.78.01,9903.78.02,0.5
7409.40.00,copper,primary,9903.78.01,9903.78.02,0.5
7415.39.00,copper,primary,9903.78.01,9903.78.02,0.5
7407.29.16,copper,primary,9903.78.01,9903.78.02,0.5
7409.90.10,copper,primary,9903.78.01,9903.78.02,0.5
7418.10.00,copper,primary,9903.78.01,9903.78.02,0.5
7407.29.34,copper,primary,9903.78.01,9903.78.02,0.5
7409.90.50,copper,primary,9903.78.01,9903.78.02,0.5
7418.20.10,copper,primary,9903.78.01,9903.78.02,0.5
7407.29.38,copper,primary,9903.78.01,9903.78.02,0.5
7409.90.90,copper,primary,9903.78.01,9903.78.02,0.5
7418.20.50,copper,primary,9903.78.01,9903.78.02,0.5
7407.29.40,copper,primary,9903.78.01,9903.78.02,0.5
7410.11.00,copper,primary,9903.78.01,9903.78.02,0.5
7419.20.00,copper,primary,9903.78.01,9903.78.02,0.5
7407.29.50,copper,primary,9903.78.01,9903.78.02,0.5
7410.12.00,copper,primary,9903.78.01,9903.78.02,0.5
7419.80.03,copper,primary,9903.78.01,9903.78.02,0.5
7408.11.30,copper,primary,9903.78.01,9903.78.02,0.5
7410.21.30,copper,primary,9903.78.01,9903.78.02,0.5
7419.80.06,copper,primary,9903.78.01,9903.78.02,0.5
7408.11.60,copper,primary,9903.78.01,9903.78.02,0.5
7410.21.60,copper,primary,9903.78.01,9903.78.02,0.5
7419.80.09,copper,primary,9903.78.01,9903.78.02,0.5
7408.19.00,copper,primary,9903.78.01,9903.78.02,0.5
7410.22.00,copper,primary,9903.78.01,9903.78.02,0.5
7419.80.15,copper,primary,9903.78.01,9903.78.02,0.5
7408.21.00,copper,primary,9903.78.01,9903.78.02,0.5
7411.10.10,copper,primary,9903.78.01,9903.78.02,0.5
7419.80.16,copper,primary,9903.78.01,9903.78.02,0.5
7408.22.10,copper,primary,9903.78.01,9903.78.02,0.5
7411.10.50,copper,primary,9903.78.01,9903.78.02,0.5
7419.80.17,copper,primary,9903.78.01,9903.78.02,0.5
7408.22.50,copper,primary,9903.78.01,9903.78.02,0.5
7411.21.10,copper,primary,9903.78.01,9903.78.02,0.5
7419.80.30,copper,primary,9903.78.01,9903.78.02,0.5
7408.29.10,copper,primary,9903.78.01,9903.78.02,0.5
7411.21.50,copper,primary,9903.78.01,9903.78.02,0.5
7419.80.50,copper,primary,9903.78.01,9903.78.02,0.5
7408.29.50,copper,primary,9903.78.01,9903.78.02,0.5
7411.22.00,copper,primary,9903.78.01,9903.78.02,0.5
8544.42.10,copper,primary,9903.78.01,9903.78.02,0.5
7409.11.10,copper,primary,9903.78.01,9903.78.02,0.5
7411.29.10,copper,primary,9903.78.01,9903.78.02,0.5
8544.42.20,copper,primary,9903.78.01,9903.78.02,0.5
7409.11.50,copper,primary,9903.78.01,9903.78.02,0.5
7411.29.50,copper,primary,9903.78.01,9903.78.02,0.5
8544.42.90,copper,primary,9903.78.01,9903.78.02,0.5
7409.19.10,copper,primary,9903.78.01,9903.78.02,0.5
7412.10.00,copper,primary,9903.78.01,9903.78.02,0.5
8544.49.10,copper,primary,9903.78.01,9903.78.02,0.5
7409.19.50,copper,primary,9903.78.01,9903.78.02,0.5
7412.20.00,copper,primary,9903.78.01,9903.78.02,0.5
7216.61.00,steel,primary,9903.80.01,9903.80.02,0.5
7216.69.00,steel,primary,9903.80.01,9903.80.02,0.5
7216.91.00,steel,primary,9903.80.01,9903.80.02,0.5
7301.10.00,steel,derivative,9903.81.90,9903.80.02,0.5
7302.40.00,steel,derivative,9903.81.90,9903.80.02,0.5
7317.00.30,steel,derivative,9903.81.89,9903.80.02,0.5
7317.00.5503,steel,derivative,9903.81.89,9903.80.02,0.5
7317.00.5505,steel,derivative,9903.81.89,9903.80.02,0.5
7317.00.5507,steel,derivative,9903.81.89,9903.80.02,0.5
7317.00.5560,steel,derivative,9903.81.89,9903.80.02,0.5
7317.00.5580,steel,derivative,9903.81.89,9903.80.02,0.5
7317.00.6560,steel,derivative,9903.81.89,9903.80.02,0.5
7317.00.55,steel,derivative,9903.81.90,9903.80.02,0.5
7317.00.65,steel,derivative,9903.81.90,9903.80.02,0.5
8708.10.30,steel,content,9903.81.91,9903.80.02,0.5
8708.29.21,steel,content,9903.81.91,9903.80.02,0.5
7301.20.10,steel,derivative,9903.81.90,9903.80.02,0.5
7301.20.50,steel,derivative,9903.81.90,9903.80.02,0.5
7302.30.00,steel,derivative,9903.81.90,9903.80.02,0.5
7307.21.10,steel,derivative,9903.81.90,9903.80.02,0.5
7307.21.50,steel,derivative,9903.81.90,9903.80.02,0.5
7307.22.10,steel,derivative,9903.81.90,9903.80.02,0.5
7307.22.50,steel,derivative,9903.81.90,9903.80.02,0.5
7307.23.00,steel,derivative,9903.81.90,9903.80.02,0.5
7307.29.00,steel,derivative,9903.81.90,9903.80.02,0.5
7307.91.10,steel,derivative,9903.81.90,9903.80.02,0.5
7307.91.30,steel,derivative,9903.81.90,9903.80.02,0.5
7307.91.50,steel,derivative,9903.81.90,9903.80.02,0.5
7307.92.30,steel,derivative,9903.81.90,9903.80.02,0.5
7307.92.90,steel,derivative,9903.81.90,9903.80.02,0.5
7307.93.30,steel,derivative,9903.81.90,9903.80.02,0.5
7307.93.60,steel,derivative,9903.81.90,9903.80.02,0.5
7307.93.90,steel,derivative,9903.81.90,9903.80.02,0.5
7307.99.10,steel,derivative,9903.81.90,9903.80.02,0.5
7307.99.30,steel,derivative,9903.81.90,9903.80.02,0.5
7307.99.50,steel,derivative,9903.81.90,9903.80.02,0.5
7308.10.00,steel,derivative,9903.81.90,9903.80.02,0.5
7308.20.00,steel,derivative,9903.81.90,9903.80.02,0.5
7308.30.10,steel,derivative,9903.81.90,9903.80.02,0.5
7308.30.50,steel,derivative,9903.81.90,9903.80.02,0.5
7308.40.00,steel,derivative,9903.81.90,9903.80.02,0.5
7308.90.30,steel,derivative,9903.81.90,9903.80.02,0.5
7308.90.60,steel,derivative,9903.81.90,9903.80.02,0.5
7308.90.70,steel,derivative,9903.81.90,9903.80.02,0.5
7308.90.95,steel,derivative,9903.81.90,9903.80.02,0.5
7309.00.00,steel,derivative,9903.81.90,9903.80.02,0.5
7310.10.00,steel,derivative,9903.81.90,9903.80.02,0.5
7310.21.00,steel,derivative,9903.81.90,9903.80.02,0.5
7310.29.00,steel,derivative,9903.81.90,9903.80.02,0.5
7311.00.00,steel,derivative,9903.81.90,9903.80.02,0.5
7312.10.05,steel,derivative,9903.81.90,9903.80.02,0.5
7312.10.10,steel,derivative,9903.81.90,9903.80.02,0.5
7312.10.20,steel,derivative,9903.81.90,9903.80.02,0.5
7312.10.30,steel,derivative,9903.81.90,9903.80.02,0.5
7312.10.50,steel,derivative,9903.81.90,9903.80.02,0.5
7312.10.60,steel,derivative,9903.81.90,9903.80.02,0.5
7312.10.70,steel,derivative,9903.81.90,9903.80.02,0.5
7312.10.80,steel,derivative,9903.81.90,9903.80.02,0.5
7312.10.90,steel,derivative,9903.81.90,9903.80.02,0.5
7312.90.00,steel,derivative,9903.81.90,9903.80.02,0.5
7313.00.00,steel,derivative,9903.81.90,9903.80.02,0.5
7314.12.10,steel,derivative,9903.81.90,9903.80.02,0.5
7314.12.20,steel,derivative,9903.81.90,9903.80.02,0.5
7314.12.30,steel,derivative,9903.81.90,9903.80.02,0.5
7314.12.60,steel,derivative,9903.81.90,9903.80.02,0.5
7314.12.90,steel,derivative,9903.81.90,9903.80.02,0.5
7314.14.10,steel,derivative,9903.81.90,9903.80.02,0.5
7314.14.20,steel,derivative,9903.81.90,9903.80.02,0.5
7314.14.30,steel,derivative,9903.81.90,9903.80.02,0.5
7314.14.60,steel,derivative,9903.81.90,9903.80.02,0.5
7314.14.90,steel,derivative,9903.81.90,9903.80.02,0.5
7314.19.01,steel,derivative,9903.81.90,9903.80.02,0.5
7314.20.00,steel,derivative,9903.81.90,9903.80.02,0.5
7314.31.10,steel,derivative,9903.81.90,9903.80.02,0.5
7314.31.50,steel,derivative,9903.81.90,9903.80.02,0.5
7314.39.00,steel,derivative,9903.81.90,9903.80.02,0.5
7314.41.00,steel,derivative,9903.81.90,9903.80.02,0.5
7314.42.00,steel,derivative,9903.81.90,9903.80.02,0.5
7314.49.30,steel,derivative,9903.81.90,9903.80.02,0.5
7314.49.60,steel,derivative,9903.81.90,9903.80.02,0.5
7314.50.00,steel,derivative,9903.81.90,9903.80.02,0.5
7315.11.00,steel,derivative,9903.81.90,9903.80.02,0.5
7315.12.00,steel,derivative,9903.81.90,9903.80.02,0.5
7315.19.00,steel,derivative,9903.81.90,9903.80.02,0.5
7315.20.10,steel,derivative,9903.81.90,9903.80.02,0.5
7315.20.50,steel,derivative,9903.81.90,9903.80.02,0.5
7315.81.00,steel,derivative,9903.81.90,9903.80.02,0.5
7315.82.10,steel,derivative,9903.81.90,9903.80.02,0.5
7315.82.30,steel,derivative,9903.81.90,9903.80.02,0.5
7315.82.50,steel,derivative,9903.81.90,9903.80.02,0.5
7315.82.70,steel,derivative,9903.81.90,9903.80.02,0.5
7315.89.10,steel,derivative,9903.81.90,9903.80.02,0.5
7315.89.30,steel,derivative,9903.81.90,9903.80.02,0.5
7315.89.50,steel,derivative,9903.81.90,9903.80.02,0.5
7315.90.00,steel,derivative,9903.81.90,9903.80.02,0.5
7316.00.00,steel,derivative,9903.81.90,9903.80.02,0.5
7317.00.10,steel,derivative,9903.81.90,9903.80.02,0.5
7317.00.20,steel,derivative,9903.81.90,9903.80.02,0.5
7317.00.75,steel,derivative,9903.81.90,9903.80.02,0.5
7318.11.00,steel,derivative,9903.81.90,9903.80.02,0.5
7318.12.00,steel,derivative,9903.81.90,9903.80.02,0.5
7318.13.00,steel,derivative,9903.81.90,9903.80.02,0.5
7318.14.10,steel,derivative,9903.81.90,9903.80.02,0.5
7318.14.50,steel,derivative,9903.81.90,9903.80.02,0.5
7318.15.20,steel,derivative,9903.81.90,9903.80.02,0.5
7318.15.40,steel,derivative,9903.81.90,9903.80.02,0.5
7318.15.50,steel,derivative,9903.81.90,9903.80.02,0.5
7318.15.60,steel,derivative,9903.81.90,9903.80.02,0.5
7318.15.80,steel,derivative,9903.81.90,9903.80.02,0.5
7318.16.00,steel,derivative,9903.81.90,9903.80.02,0.5
7318.19.00,steel,derivative,9903.81.90,9903.80.02,0.5
7318.21.00,steel,derivative,9903.81.90,9903.80.02,0.5
7318.22.00,steel,derivative,9903.81.90,9903.80.02,0.5
7318.23.00,steel,derivative,9903.81.90,9903.80.02,0.5
7318.24.00,steel,derivative,9903.81.90,9903.80.02,0.5
7318.29.00,steel,derivative,9903.81.90,9903.80.02,0.5
7319.40.20,steel,derivative,9903.81.90,9903.80.02,0.5
7319.40.30,steel,derivative,9903.81.90,9903.80.02,0.5
7319.40.50,steel,derivative,9903.81.90,9903.80.02,0.5
7319.90.10,steel,derivative,9903.81.90,9903.80.02,0.5
7319.90.90,steel,derivative,9903.81.90,9903.80.02,0.5
7320.10.30,steel,derivative,9903.81.90,9903.80.02,0.5
7320.10.60,steel,derivative,9903.81.90,9903.80.02,0.5
7320.10.90,steel,derivative,9903.81.90,9903.80.02,0.5
7320.20.10,steel,derivative,9903.81.90,9903.80.02,0.5
7320.20.50,steel,derivative,9903.81.90,9903.80.02,0.5
7320.90.10,steel,derivative,9903.81.90,9903.80.02,0.5
7320.90.50,steel,derivative,9903.81.90,9903.80.02,0.5
7321.11.10,steel,derivative,9903.81.90,9903.80.02,0.5
7321.11.30,steel,derivative,9903.81.90,9903.80.02,0.5
7321.11.60,steel,derivative,9903.81.90,9903.80.02,0.5
7321.12.00,steel,derivative,9903.81.90,9903.80.02,0.5
7321.19.00,steel,derivative,9903.81.90,9903.80.02,0.5
7321.81.10,steel,derivative,9903.81.90,9903.80.02,0.5
7321.81.50,steel,derivative,9903.81.90,9903.80.02,0.5
7321.82.10,steel,derivative,9903.81.90,9903.80.02,0.5
7321.82.50,steel,derivative,9903.81.90,9903.80.02,0.5
7321.89.00,steel,derivative,9903.81.90,9903.80.02,0.5
7321.90.10,steel,derivative,9903.81.90,9903.80.02,0.5
7321.90.20,steel,derivative,9903.81.90,9903.80.02,0.5
7321.90.40,steel,derivative,9903.81.90,9903.80.02,0.5
7321.90.50,steel,derivative,9903.81.90,9903.80.02,0.5
7321.90.60,steel,derivative,9903.81.90,9903.80.02,0.5
7322.19.00,steel,derivative,9903.81.90,9903.80.02,0.5
7322.90.00,steel,derivative,9903.81.90,9903.80.02,0.5
7323.10.00,steel,derivative,9903.81.90,9903.80.02,0.5
7323.93.00,steel,derivative,9903.81.90,9903.80.02,0.5
7323.94.00,steel,derivative,9903.81.90,9903.80.02,0.5
7323.99.10,steel,derivative,9903.81.90,9903.80.02,0.5
7323.99.30,steel,derivative,9903.81.90,9903.80.02,0.5
7323.99.50,steel,derivative,9903.81.90,9903.80.02,0.5
7323.99.70,steel,derivative,9903.81.90,9903.80.02,0.5
7323.99.90,steel,derivative,9903.81.90,9903.80.02,0.5
7324.10.00,steel,derivative,9903.81.90,9903.80.02,0.5
7324.29.00,steel,derivative,9903.81.90,9903.80.02,0.5
7324.90.00,steel,derivative,9903.81.90,9903.80.02,0.5
7325.91.00,steel,derivative,9903.81.90,9903.80.02,0.5
7325.99.10,steel,derivative,9903.81.90,9903.80.02,0.5
7325.99.50,steel,derivative,9903.81.90,9903.80.02,0.5
7326.11.00,steel,derivative,9903.81.90,9903.80.02,0.5
7326.19.00,steel,derivative,9903.81.90,9903.80.02,0.5
7326.20.00,steel,derivative,9903.81.90,9903.80.02,0.5
7326.90.10,steel,derivative,9903.81.90,9903.80.02,0.5
7326.90.25,steel,derivative,9903.81.90,9903.80.02,0.5
7326.90.35,steel,derivative,9903.81.90,9903.80.02,0.5
7326.90.45,steel,derivative,9903.81.90,9903.80.02,0.5
7326.90.60,steel,derivative,9903.81.90,9903.80.02,0.5
7326.90.86,steel,derivative,9903.81.90,9903.80.02,0.5
7317.00.5501,steel,derivative,9903.81.90,9903.80.02,0.5
7317.00.5502,steel,derivative,9903.81.90,9903.80.02,0.5
7317.00.5508,steel,derivative,9903.81.90,9903.80.02,0.5
7317.00.5511,steel,derivative,9903.81.90,9903.80.02,0.5
7317.00.5518,steel,derivative,9903.81.90,9903.80.02,0.5
7317.00.5519,steel,derivative,9903.81.90,9903.80.02,0.5
7317.00.5520,steel,derivative,9903.81.90,9903.80.02,0.5
7317.00.5530,steel,derivative,9903.81.90,9903.80.02,0.5
7317.00.5540,steel,derivative,9903.81.90,9903.80.02,0.5
7317.00.5550,steel,derivative,9903.81.90,9903.80.02,0.5
7317.00.5570,steel,derivative,9903.81.90,9903.80.02,0.5
7317.00.5590,steel,derivative,9903.81.90,9903.80.02,0.5
7317.00.6530,steel,derivative,9903.81.90,9903.80.02,0.5
7216.91.0010,steel,primary,9903.80.01,9903.80.02,0.5
7302.90.9000,steel,derivative,9903.81.90,9903.80.02,0.5
7307.19.30,steel,derivative,9903.81.90,9903.80.02,0.5
7307.19.90,steel,derivative,9903.81.90,9903.80.02,0.5
8431.31.00,steel,content,9903.81.91,9903.80.02,0.5
8431.42.00,steel,content,9903.81.91,9903.80.02,0.5
8431.49.10,steel,content,9903.81.91,9903.80.02,0.5
8431.49.90,steel,content,9903.81.91,9903.80.02,0.5
8432.10.00,steel,content,9903.81.91,9903.80.02,0.5
8432.90.00,steel,content,9903.81.91,9903.80.02,0.5
8547.90.00,steel,content,9903.81.91,9903.80.02,0.5
9403.20.00,steel,content,9903.81.91,9903.80.02,0.5
9405.99.20,steel,content,9903.81.91,9903.80.02,0.5
9405.99.40,steel,content,9903.81.91,9903.80.02,0.5
9406.20.00,steel,content,9903.81.91,9903.80.02,0.5
9406.90.01,steel,content,9903.81.91,9903.80.02,0.5
8418.10.00,steel,content,9903.81.91,9903.80.02,0.5
8418.30.00,steel,content,9903.81.91,9903.80.02,0.5
8418.40.00,steel,content,9903.81.91,9903.80.02,0.5
8422.11.00,steel,content,9903.81.91,9903.80.02,0.5
8450.11.00,steel,content,9903.81.91,9903.80.02,0.5
8450.20.00,steel,content,9903.81.91,9903.80.02,0.5
8451.21.00,steel,content,9903.81.91,9903.80.02,0.5
8451.29.00,steel,content,9903.81.91,9903.80.02,0.5
8509.80.20,steel,content,9903.81.91,9903.80.02,0.5
8516.60.40,steel,content,9903.81.91,9903.80.02,0.5
9403.99.9020,steel,content,9903.81.91,9903.80.02,0.5
0402.99.68,steel,content,9903.81.91,9903.80.02,0.5
8211.91.20,steel,content,9903.81.91,9903.80.02,0.5
8429.11.00,steel,content,9903.81.91,9903.80.02,0.5
8504.23.00,steel,content,9903.81.91,9903.80.02,0.5
0402.99.70,steel,content,9903.81.91,9903.80.02,0.5
8211.91.25,steel,content,9903.81.91,9903.80.02,0.5
8429.19.00,steel,content,9903.81.91,9903.80.02,0.5
8504.33.00,steel,content,9903.81.91,9903.80.02,0.5
0402.99.90,steel,content,9903.81.91,9903.80.02,0.5
8211.91.30,steel,content,9903.81.91,9903.80.02,0.5
8429.20.00,steel,content,9903.81.91,9903.80.02,0.5
8504.90.9634,steel,content,9903.81.91,9903.80.02,0.5
2106.90.9998,steel,content,9903.81.91,9903.80.02,0.5
8211.91.40,steel,content,9903.81.91,9903.80.02,0.5
8429.30.00,steel,content,9903.81.91,9903.80.02,0.5
8504.90.9638,steel,content,9903.81.91,9903.80.02,0.5
2710.19.3050,steel,content,9903.81.91,9903.80.02,0.5
8211.91.50,steel,content,9903.81.91,9903.80.02,0.5
8429.40.00,steel,content,9903.81.91,9903.80.02,0.5
8504.90.9642,steel,content,9903.81.91,9903.80.02,0.5
2711.12.0020,steel,content,9903.81.91,9903.80.02,0.5
8211.91.80,steel,content,9903.81.91,9903.80.02,0.5
8429.51.10,steel,content,9903.81.91,9903.80.02,0.5
8514.20.40,steel,content,9903.81.91,9903.80.02,0.5
2804.29.0010,steel,content,9903.81.91,9903.80.02,0.5
8211.92.20,steel,content,9903.81.91,9903.80.02,0.5
8429.51.50,steel,content,9903.81.91,9903.80.02,0.5
8514.20.60,steel,content,9903.81.91,9903.80.02,0.5
2804.40.0000,steel,content,9903.81.91,9903.80.02,0.5
8211.92.40,steel,content,9903.81.91,9903.80.02,0.5
8429.52.10,steel,content,9903.81.91,9903.80.02,0.5
8516.29.00,steel,content,9903.81.91,9903.80.02,0.5
2901.22.0000,steel,content,9903.81.91,9903.80.02,0.5
8211.92.60,steel,content,9903.81.91,9903.80.02,0.5
8429.52.50,steel,content,9903.81.91,9903.80.02,0.5
8516.60.60,steel,content,9903.81.91,9903.80.02,0.5
2903.42.1000,steel,content,9903.81.91,9903.80.02,0.5
8211.92.90,steel,content,9903.81.91,9903.80.02,0.5
8429.59.10,steel,content,9903.81.91,9903.80.02,0.5
8601.10.00,steel,content,9903.81.91,9903.80.02,0.5
2903.43.10,steel,content,9903.81.91,9903.80.02,0.5
8211.93.00,steel,content,9903.81.91,9903.80.02,0.5
8429.59.50,steel,content,9903.81.91,9903.80.02,0.5
8601.20.00,steel,content,9903.81.91,9903.80.02,0.5
2903.44.10,steel,content,9903.81.91,9903.80.02,0.5
8211.94.10,steel,content,9903.81.91,9903.80.02,0.5
8431.20.00,steel,content,9903.81.91,9903.80.02,0.5
8602.10.00,steel,content,9903.81.91,9903.80.02,0.5
2903.45.10,steel,content,9903.81.91,9903.80.02,0.5
8211.94.50,steel,content,9903.81.91,9903.80.02,0.5
8431.39.00,steel,content,9903.81.91,9903.80.02,0.5
8602.90.00,steel,content,9903.81.91,9903.80.02,0.5
2903.49.00,steel,content,9903.81.91,9903.80.02,0.5
8211.95.10,steel,content,9903.81.91,9903.80.02,0.5
8431.41.00,steel,content,9903.81.91,9903.80.02,0.5
8603.10.00,steel,content,9903.81.91,9903.80.02,0.5
2903.51.10,steel,content,9903.81.91,9903.80.02,0.5
8211.95.50,steel,content,9903.81.91,9903.80.02,0.5
8431.43.40,steel,content,9903.81.91,9903.80.02,0.5
8603.90.00,steel,content,9903.81.91,9903.80.02,0.5
2903.59.90,steel,content,9903.81.91,9903.80.02,0.5
8211.95.90,steel,content,9903.81.91,9903.80.02,0.5
8431.43.80,steel,content,9903.81.91,9903.80.02,0.5
8604.00.00,steel,content,9903.81.91,9903.80.02,0.5
2903.71.0100,steel,content,9903.81.91,9903.80.02,0.5
8215.10.00,steel,content,9903.81.91,9903.80.02,0.5
8433.11.00,steel,content,9903.81.91,9903.80.02,0.5
8605.00.00,steel,content,9903.81.91,9903.80.02,0.5
3004.90.9244,steel,content,9903.81.91,9903.80.02,0.5
8215.20.00,steel,content,9903.81.91,9903.80.02,0.5
8433.20.00,steel,content,9903.81.91,9903.80.02,0.5
8607.11.00,steel,content,9903.81.91,9903.80.02,0.5
3208.10.00,steel,content,9903.81.91,9903.80.02,0.5
8215.91.30,steel,content,9903.81.91,9903.80.02,0.5
8433.51.00,steel,content,9903.81.91,9903.80.02,0.5
8607.19.0300,steel,content,9903.81.91,9903.80.02,0.5
3208.20.00,steel,content,9903.81.91,9903.80.02,0.5
8215.91.60,steel,content,9903.81.91,9903.80.02,0.5
8433.59.00,steel,content,9903.81.91,9903.80.02,0.5
8607.19.06,steel,content,9903.81.91,9903.80.02,0.5
3208.90.00,steel,content,9903.81.91,9903.80.02,0.5
8215.91.90,steel,content,9903.81.91,9903.80.02,0.5
8433.90.10,steel,content,9903.81.91,9903.80.02,0.5
8607.19.12,steel,content,9903.81.91,9903.80.02,0.5
3209.10.00,steel,content,9903.81.91,9903.80.02,0.5
8215.99.01,steel,content,9903.81.91,9903.80.02,0.5
8433.90.50,steel,content,9903.81.91,9903.80.02,0.5
8607.19.15,steel,content,9903.81.91,9903.80.02,0.5
3209.90.00,steel,content,9903.81.91,9903.80.02,0.5
8215.99.05,steel,content,9903.81.91,9903.80.02,0.5
8443.16.0000,steel,content,9903.81.91,9903.80.02,0.5
8607.19.90,steel,content,9903.81.91,9903.80.02,0.5
3213.90.00,steel,content,9903.81.91,9903.80.02,0.5
8215.99.10,steel,content,9903.81.91,9903.80.02,0.5
8454.20.0010,steel,content,9903.81.91,9903.80.02,0.5
8607.21.50,steel,content,9903.81.91,9903.80.02,0.5
3214.10.00,steel,content,9903.81.91,9903.80.02,0.5
8215.99.15,steel,content,9903.81.91,9903.80.02,0.5
8454.20.0060,steel,content,9903.81.91,9903.80.02,0.5
8607.30.1010,steel,content,9903.81.91,9903.80.02,0.5
3303.00.10,steel,content,9903.81.91,9903.80.02,0.5
8215.99.20,steel,content,9903.81.91,9903.80.02,0.5
8455.30.00,steel,content,9903.81.91,9903.80.02,0.5
8607.30.1050,steel,content,9903.81.91,9903.80.02,0.5
3303.00.20,steel,content,9903.81.91,9903.80.02,0.5
8215.99.22,steel,content,9903.81.91,9903.80.02,0.5
8455.90.4000,steel,content,9903.81.91,9903.80.02,0.5
8607.30.1090,steel,content,9903.81.91,9903.80.02,0.5
3303.00.30,steel,content,9903.81.91,9903.80.02,0.5
8215.99.24,steel,content,9903.81.91,9903.80.02,0.5
8455.90.8000,steel,content,9903.81.91,9903.80.02,0.5
8607.30.50,steel,content,9903.81.91,9903.80.02,0.5
3304.30.00,steel,content,9903.81.91,9903.80.02,0.5
8215.99.26,steel,content,9903.81.91,9903.80.02,0.5
8457.10.00,steel,content,9903.81.91,9903.80.02,0.5
8607.91.00,steel,content,9903.81.91,9903.80.02,0.5
3304.99.50,steel,content,9903.81.91,9903.80.02,0.5
8215.99.30,steel,content,9903.81.91,9903.80.02,0.5
8474.90.00,steel,content,9903.81.91,9903.80.02,0.5
8607.99.50,steel,content,9903.81.91,9903.80.02,0.5
3305.10.00,steel,content,9903.81.91,9903.80.02,0.5
8215.99.35,steel,content,9903.81.91,9903.80.02,0.5
8477.10.30,steel,content,9903.81.91,9903.80.02,0.5
8609.00.00,steel,content,9903.81.91,9903.80.02,0.5
3305.30.00,steel,content,9903.81.91,9903.80.02,0.5
8215.99.40,steel,content,9903.81.91,9903.80.02,0.5
8477.10.40,steel,content,9903.81.91,9903.80.02,0.5
8701.10.01,steel,content,9903.81.91,9903.80.02,0.5
3305.90.00,steel,content,9903.81.91,9903.80.02,0.5
8215.99.45,steel,content,9903.81.91,9903.80.02,0.5
8477.10.90,steel,content,9903.81.91,9903.80.02,0.5
8701.21.0080,steel,content,9903.81.91,9903.80.02,0.5
3306.90.00,steel,content,9903.81.91,9903.80.02,0.5
8215.99.50,steel,content,9903.81.91,9903.80.02,0.5
8477.90.25,steel,content,9903.81.91,9903.80.02,0.5
8701.22.0080,steel,content,9903.81.91,9903.80.02,0.5
3307.10.10,steel,content,9903.81.91,9903.80.02,0.5
8302.10.60,steel,content,9903.81.91,9903.80.02,0.5
8477.90.8601,steel,content,9903.81.91,9903.80.02,0.5
8701.23.0080,steel,content,9903.81.91,9903.80.02,0.5
3307.10.20,steel,content,9903.81.91,9903.80.02,0.5
8302.41.30,steel,content,9903.81.91,9903.80.02,0.5
8479.89.55,steel,content,9903.81.91,9903.80.02,0.5
8701.24.0080,steel,content,9903.81.91,9903.80.02,0.5
3307.20.00,steel,content,9903.81.91,9903.80.02,0.5
8302.41.60,steel,content,9903.81.91,9903.80.02,0.5
8479.89.65,steel,content,9903.81.91,9903.80.02,0.5
8701.29.0080,steel,content,9903.81.91,9903.80.02,0.5
3307.49.00,steel,content,9903.81.91,9903.80.02,0.5
8302.42.30,steel,content,9903.81.91,9903.80.02,0.5
8479.90.45,steel,content,9903.81.91,9903.80.02,0.5
8701.30.10,steel,content,9903.81.91,9903.80.02,0.5
3307.90.00,steel,content,9903.81.91,9903.80.02,0.5
8302.49.60,steel,content,9903.81.91,9903.80.02,0.5
8479.90.55,steel,content,9903.81.91,9903.80.02,0.5
8701.30.50,steel,content,9903.81.91,9903.80.02,0.5
3401.30.10,steel,content,9903.81.91,9903.80.02,0.5
8305.20.00,steel,content,9903.81.91,9903.80.02,0.5
8479.90.65,steel,content,9903.81.91,9903.80.02,0.5
8701.91.10,steel,content,9903.81.91,9903.80.02,0.5
3401.30.50,steel,content,9903.81.91,9903.80.02,0.5
8307.10.60,steel,content,9903.81.91,9903.80.02,0.5
8479.90.75,steel,content,9903.81.91,9903.80.02,0.5
8701.91.50,steel,content,9903.81.91,9903.80.02,0.5
3402.31.90,steel,content,9903.81.91,9903.80.02,0.5
8401.40.0000,steel,content,9903.81.91,9903.80.02,0.5
8479.90.85,steel,content,9903.81.91,9903.80.02,0.5
8701.92.10,steel,content,9903.81.91,9903.80.02,0.5
3402.49.90,steel,content,9903.81.91,9903.80.02,0.5
8403.10.00,steel,content,9903.81.91,9903.80.02,0.5
8479.90.95,steel,content,9903.81.91,9903.80.02,0.5
8701.92.50,steel,content,9903.81.91,9903.80.02,0.5
3402.50.11,steel,content,9903.81.91,9903.80.02,0.5
8406.90.4000,steel,content,9903.81.91,9903.80.02,0.5
8480.49.0010,steel,content,9903.81.91,9903.80.02,0.5
8701.93.10,steel,content,9903.81.91,9903.80.02,0.5
3402.50.51,steel,content,9903.81.91,9903.80.02,0.5
8407.21.00,steel,content,9903.81.91,9903.80.02,0.5
8480.71.8045,steel,content,9903.81.91,9903.80.02,0.5
8701.93.50,steel,content,9903.81.91,9903.80.02,0.5
3402.90.10,steel,content,9903.81.91,9903.80.02,0.5
8407.90.10,steel,content,9903.81.91,9903.80.02,0.5
8480.71.8060,steel,content,9903.81.91,9903.80.02,0.5
8701.94.10,steel,content,9903.81.91,9903.80.02,0.5
3402.90.30,steel,content,9903.81.91,9903.80.02,0.5
8407.90.90,steel,content,9903.81.91,9903.80.02,0.5
8480.79.9010,steel,content,9903.81.91,9903.80.02,0.5
8701.94.50,steel,content,9903.81.91,9903.80.02,0.5
3402.90.50,steel,content,9903.81.91,9903.80.02,0.5
8408.20.10,steel,content,9903.81.91,9903.80.02,0.5
8482.10.5004,steel,content,9903.81.91,9903.80.02,0.5
8701.95.10,steel,content,9903.81.91,9903.80.02,0.5
3403.19.10,steel,content,9903.81.91,9903.80.02,0.5
8408.20.90,steel,content,9903.81.91,9903.80.02,0.5
8482.10.5008,steel,content,9903.81.91,9903.80.02,0.5
8701.95.50,steel,content,9903.81.91,9903.80.02,0.5
3403.19.50,steel,content,9903.81.91,9903.80.02,0.5
8409.91.50,steel,content,9903.81.91,9903.80.02,0.5
8482.10.5012,steel,content,9903.81.91,9903.80.02,0.5
8702.10.31,steel,content,9903.81.91,9903.80.02,0.5
3403.99.00,steel,content,9903.81.91,9903.80.02,0.5
8409.91.92,steel,content,9903.81.91,9903.80.02,0.5
8482.10.5016,steel,content,9903.81.91,9903.80.02,0.5
8702.10.61,steel,content,9903.81.91,9903.80.02,0.5
3405.10.00,steel,content,9903.81.91,9903.80.02,0.5
8409.91.99,steel,content,9903.81.91,9903.80.02,0.5
8482.10.5024,steel,content,9903.81.91,9903.80.02,0.5
8703.10.10,steel,content,9903.81.91,9903.80.02,0.5
3405.20.00,steel,content,9903.81.91,9903.80.02,0.5
8409.99.91,steel,content,9903.81.91,9903.80.02,0.5
8482.10.5028,steel,content,9903.81.91,9903.80.02,0.5
8703.10.50,steel,content,9903.81.91,9903.80.02,0.5
3405.40.00,steel,content,9903.81.91,9903.80.02,0.5
8409.99.92,steel,content,9903.81.91,9903.80.02,0.5
8482.10.5032,steel,content,9903.81.91,9903.80.02,0.5
8703.21.01,steel,content,9903.81.91,9903.80.02,0.5
3405.90.00,steel,content,9903.81.91,9903.80.02,0.5
8409.99.99,steel,content,9903.81.91,9903.80.02,0.5
8482.10.5036,steel,content,9903.81.91,9903.80.02,0.5
8705.10.00,steel,content,9903.81.91,9903.80.02,0.5
3506.10.50,steel,content,9903.81.91,9903.80.02,0.5
8410.90.0000,steel,content,9903.81.91,9903.80.02,0.5
8482.10.5052,steel,content,9903.81.91,9903.80.02,0.5
8705.20.00,steel,content,9903.81.91,9903.80.02,0.5
3506.91.10,steel,content,9903.81.91,9903.80.02,0.5
8411.81.80,steel,content,9903.81.91,9903.80.02,0.5
8482.10.5056,steel,content,9903.81.91,9903.80.02,0.5
8705.90.0010,steel,content,9903.81.91,9903.80.02,0.5
3506.91.50,steel,content,9903.81.91,9903.80.02,0.5
8412.21.00,steel,content,9903.81.91,9903.80.02,0.5
8482.10.5060,steel,content,9903.81.91,9903.80.02,0.5
8705.90.0020,steel,content,9903.81.91,9903.80.02,0.5
3506.99.00,steel,content,9903.81.91,9903.80.02,0.5
8412.29.80,steel,content,9903.81.91,9903.80.02,0.5
8482.10.5064,steel,content,9903.81.91,9903.80.02,0.5
8706.00.30,steel,content,9903.81.91,9903.80.02,0.5
3808.59.10,steel,content,9903.81.91,9903.80.02,0.5
8412.90.9070,steel,content,9903.81.91,9903.80.02,0.5
8482.10.5068,steel,content,9903.81.91,9903.80.02,0.5
8708.40.30,steel,content,9903.81.91,9903.80.02,0.5
3808.59.40,steel,content,9903.81.91,9903.80.02,0.5
8412.90.9075,steel,content,9903.81.91,9903.80.02,0.5
8482.20.0064,steel,content,9903.81.91,9903.80.02,0.5
8708.40.60,steel,content,9903.81.91,9903.80.02,0.5
3808.61.10,steel,content,9903.81.91,9903.80.02,0.5
8413.81.00,steel,content,9903.81.91,9903.80.02,0.5
8482.20.0067,steel,content,9903.81.91,9903.80.02,0.5
8708.92.10,steel,content,9903.81.91,9903.80.02,0.5
3808.61.50,steel,content,9903.81.91,9903.80.02,0.5
8413.91.9055,steel,content,9903.81.91,9903.80.02,0.5
8482.20.0090,steel,content,9903.81.91,9903.80.02,0.5
8708.92.50,steel,content,9903.81.91,9903.80.02,0.5
3808.62.10,steel,content,9903.81.91,9903.80.02,0.5
8413.91.9060,steel,content,9903.81.91,9903.80.02,0.5
8482.99.05,steel,content,9903.81.91,9903.80.02,0.5
8708.92.60,steel,content,9903.81.91,9903.80.02,0.5
3808.62.50,steel,content,9903.81.91,9903.80.02,0.5
8413.91.9096,steel,content,9903.81.91,9903.80.02,0.5
8482.99.15,steel,content,9903.81.91,9903.80.02,0.5
8708.92.75,steel,content,9903.81.91,9903.80.02,0.5
3808.69.10,steel,content,9903.81.91,9903.80.02,0.5
8414.30.40,steel,content,9903.81.91,9903.80.02,0.5
8482.99.25,steel,content,9903.81.91,9903.80.02,0.5
8708.93.15,steel,content,9903.81.91,9903.80.02,0.5
3808.69.50,steel,content,9903.81.91,9903.80.02,0.5
8414.80.16,steel,content,9903.81.91,9903.80.02,0.5
8482.99.35,steel,content,9903.81.91,9903.80.02,0.5
8708.93.30,steel,content,9903.81.91,9903.80.02,0.5
3808.91.15,steel,content,9903.81.91,9903.80.02,0.5
8414.90.30,steel,content,9903.81.91,9903.80.02,0.5
8482.99.45,steel,content,9903.81.91,9903.80.02,0.5
8708.99.23,steel,content,9903.81.91,9903.80.02,0.5
3808.91.25,steel,content,9903.81.91,9903.80.02,0.5
8414.90.41,steel,content,9903.81.91,9903.80.02,0.5
8482.99.65,steel,content,9903.81.91,9903.80.02,0.5
8708.99.81,steel,content,9903.81.91,9903.80.02,0.5
3808.91.30,steel,content,9903.81.91,9903.80.02,0.5
8415.10.30,steel,content,9903.81.91,9903.80.02,0.5
8483.10.1010,steel,content,9903.81.91,9903.80.02,0.5
8710.00.00,steel,content,9903.81.91,9903.80.02,0.5
3808.91.50,steel,content,9903.81.91,9903.80.02,0.5
8415.10.60,steel,content,9903.81.91,9903.80.02,0.5
8483.10.1050,steel,content,9903.81.91,9903.80.02,0.5
8711.30.00,steel,content,9903.81.91,9903.80.02,0.5
3808.94.10,steel,content,9903.81.91,9903.80.02,0.5
8415.10.90,steel,content,9903.81.91,9903.80.02,0.5
8483.10.50,steel,content,9903.81.91,9903.80.02,0.5
8711.50.00,steel,content,9903.81.91,9903.80.02,0.5
3808.94.50,steel,content,9903.81.91,9903.80.02,0.5
8415.81.01,steel,content,9903.81.91,9903.80.02,0.5
8483.20.40,steel,content,9903.81.91,9903.80.02,0.5
8711.60.00,steel,content,9903.81.91,9903.80.02,0.5
3809.91.00,steel,content,9903.81.91,9903.80.02,0.5
8415.82.01,steel,content,9903.81.91,9903.80.02,0.5
8483.20.80,steel,content,9903.81.91,9903.80.02,0.5
8714.10.00,steel,content,9903.81.91,9903.80.02,0.5
3810.10.00,steel,content,9903.81.91,9903.80.02,0.5
8415.83.00,steel,content,9903.81.91,9903.80.02,0.5
8483.30.40,steel,content,9903.81.91,9903.80.02,0.5
8716.10.00,steel,content,9903.81.91,9903.80.02,0.5
3811.19.00,steel,content,9903.81.91,9903.80.02,0.5
8415.90.40,steel,content,9903.81.91,9903.80.02,0.5
8483.30.80,steel,content,9903.81.91,9903.80.02,0.5
8716.39.00,steel,content,9903.81.91,9903.80.02,0.5
3811.21.00,steel,content,9903.81.91,9903.80.02,0.5
8415.90.80,steel,content,9903.81.91,9903.80.02,0.5
8483.40.10,steel,content,9903.81.91,9903.80.02,0.5
8716.80.10,steel,content,9903.81.91,9903.80.02,0.5
3814.00.10,steel,content,9903.81.91,9903.80.02,0.5
8417.90.0000,steel,content,9903.81.91,9903.80.02,0.5
8483.40.5020,steel,content,9903.81.91,9903.80.02,0.5
8716.80.50,steel,content,9903.81.91,9903.80.02,0.5
3814.00.20,steel,content,9903.81.91,9903.80.02,0.5
8418.21.00,steel,content,9903.81.91,9903.80.02,0.5
8483.40.90,steel,content,9903.81.91,9903.80.02,0.5
8716.90.10,steel,content,9903.81.91,9903.80.02,0.5
3814.00.50,steel,content,9903.81.91,9903.80.02,0.5
8418.29.20,steel,content,9903.81.91,9903.80.02,0.5
8483.50.60,steel,content,9903.81.91,9903.80.02,0.5
8716.90.30,steel,content,9903.81.91,9903.80.02,0.5
3820.00.00,steel,content,9903.81.91,9903.80.02,0.5
8418.99.40,steel,content,9903.81.91,9903.80.02,0.5
8483.50.90,steel,content,9903.81.91,9903.80.02,0.5
9401.71.00,steel,content,9903.81.91,9903.80.02,0.5
3824.99.9397,steel,content,9903.81.91,9903.80.02,0.5
8419.81.50,steel,content,9903.81.91,9903.80.02,0.5
8483.60.40,steel,content,9903.81.91,9903.80.02,0.5
9401.79.00,steel,content,9903.81.91,9903.80.02,0.5
3827.61.0000,steel,content,9903.81.91,9903.80.02,0.5
8421.29.00,steel,content,9903.81.91,9903.80.02,0.5
8483.60.80,steel,content,9903.81.91,9903.80.02,0.5
9403.10.00,steel,content,9903.81.91,9903.80.02,0.5
3827.62.0000,steel,content,9903.81.91,9903.80.02,0.5
8424.10.0000,steel,content,9903.81.91,9903.80.02,0.5
8483.90.20,steel,content,9903.81.91,9903.80.02,0.5
9403.99.10,steel,content,9903.81.91,9903.80.02,0.5
3827.63.0000,steel,content,9903.81.91,9903.80.02,0.5
8424.89.90,steel,content,9903.81.91,9903.80.02,0.5
8483.90.30,steel,content,9903.81.91,9903.80.02,0.5
9403.99.9010,steel,content,9903.81.91,9903.80.02,0.5
3827.64.0000,steel,content,9903.81.91,9903.80.02,0.5
8425.42.00,steel,content,9903.81.91,9903.80.02,0.5
8483.90.50,steel,content,9903.81.91,9903.80.02,0.5
9403.99.9015,steel,content,9903.81.91,9903.80.02,0.5
3827.65.0000,steel,content,9903.81.91,9903.80.02,0.5
8426.20.00,steel,content,9903.81.91,9903.80.02,0.5
8483.90.70,steel,content,9903.81.91,9903.80.02,0.5
9403.99.9040,steel,content,9903.81.91,9903.80.02,0.5
3925.20.00,steel,content,9903.81.91,9903.80.02,0.5
8426.99.00,steel,content,9903.81.91,9903.80.02,0.5
8483.90.80,steel,content,9903.81.91,9903.80.02,0.5
9403.99.9045,steel,content,9903.81.91,9903.80.02,0.5
3926.90.10,steel,content,9903.81.91,9903.80.02,0.5
8427.10.40,steel,content,9903.81.91,9903.80.02,0.5
8501.53.40,steel,content,9903.81.91,9903.80.02,0.5
9403.99.9051,steel,content,9903.81.91,9903.80.02,0.5
7614.10.10,steel,content,9903.81.91,9903.80.02,0.5
8427.10.80,steel,content,9903.81.91,9903.80.02,0.5
8501.53.60,steel,content,9903.81.91,9903.80.02,0.5
9403.99.9061,steel,content,9903.81.91,9903.80.02,0.5
8202.39.0040,steel,content,9903.81.91,9903.80.02,0.5
8427.20.40,steel,content,9903.81.91,9903.80.02,0.5
8501.53.80,steel,content,9903.81.91,9903.80.02,0.5
9506.91.00,steel,content,9903.81.91,9903.80.02,0.5
8203.40.60,steel,content,9903.81.91,9903.80.02,0.5
8427.20.80,steel,content,9903.81.91,9903.80.02,0.5
8501.64.0110,steel,content,9903.81.91,9903.80.02,0.5
8205.59.55,steel,content,9903.81.91,9903.80.02,0.5
8427.90.00,steel,content,9903.81.91,9903.80.02,0.5
8502.31.0000,steel,content,9903.81.91,9903.80.02,0.5
8205.70.00,steel,content,9903.81.91,9903.80.02,0.5
8428.32.00,steel,content,9903.81.91,9903.80.02,0.5
8503.00.35,steel,content,9903.81.91,9903.80.02,0.5
8207.20.0070,steel,content,9903.81.91,9903.80.02,0.5
8428.33.00,steel,content,9903.81.91,9903.80.02,0.5
8503.00.45,steel,content,9903.81.91,9903.80.02,0.5
8207.30.6062,steel,content,9903.81.91,9903.80.02,0.5
8428.39.00,steel,content,9903.81.91,9903.80.02,0.5
8503.00.65,steel,content,9903.81.91,9903.80.02,0.5
8207.30.6095,steel,content,9903.81.91,9903.80.02,0.5
8428.60.00,steel,content,9903.81.91,9903.80.02,0.5
8503.00.75,steel,content,9903.81.91,9903.80.02,0.5
8211.10.00,steel,content,9903.81.91,9903.80.02,0.5
8428.70.00,steel,content,9903.81.91,9903.80.02,0.5
8503.00.90,steel,content,9903.81.91,9903.80.02,0.5
8211.91.10,steel,content,9903.81.91,9903.80.02,0.5
8428.90.03,steel,content,9903.81.91,9903.80.02,0.5
8503.00.95,steel,content,9903.81.91,9903.80.02,0.5
7616.99.51,aluminum,derivative,9903.85.07,9903.85.09,0.5
7614.10.50,aluminum,derivative,9903.85.07,9903.85.09,0.5
7614.90.20,aluminum,derivative,9903.85.07,9903.85.09,0.5
7614.90.40,aluminum,derivative,9903.85.07,9903.85.09,0.5
7614.90.50,aluminum,derivative,9903.85.07,9903.85.09,0.5
8708.10.30,aluminum,content,9903.85.08,9903.85.09,0.5
8708.29.21,aluminum,content,9903.85.08,9903.85.09,0.5
7610.10.00,aluminum,derivative,9903.85.07,9903.85.09,0.5
7610.90.00,aluminum,derivative,9903.85.07,9903.85.09,0.5
7612.90.10,aluminum,derivative,9903.85.07,9903.85.09,0.5
7615.10.2015,aluminum,derivative,9903.85.07,9903.85.09,0.5
7615.10.2025,aluminum,derivative,9903.85.07,9903.85.09,0.5
7615.10.3015,aluminum,derivative,9903.85.07,9903.85.09,0.5
7615.10.3025,aluminum,derivative,9903.85.07,9903.85.09,0.5
7615.10.5020,aluminum,derivative,9903.85.07,9903.85.09,0.5
7615.10.5040,aluminum,derivative,9903.85.07,9903.85.09,0.5
7615.10.7125,aluminum,derivative,9903.85.07,9903.85.09,0.5
7615.10.7130,aluminum,derivative,9903.85.07,9903.85.09,0.5
7615.10.7155,aluminum,derivative,9903.85.07,9903.85.09,0.5
7615.10.7180,aluminum,derivative,9903.85.07,9903.85.09,0.5
7615.10.9100,aluminum,derivative,9903.85.07,9903.85.09,0.5
7615.20.0000,aluminum,derivative,9903.85.07,9903.85.09,0.5
7616.10.9090,aluminum,derivative,9903.85.07,9903.85.09,0.5
7616.99.1000,aluminum,derivative,9903.85.07,9903.85.09,0.5
7616.99.5130,aluminum,derivative,9903.85.07,9903.85.09,0.5
7616.99.5140,aluminum,derivative,9903.85.07,9903.85.09,0.5
7616.99.5190,aluminum,derivative,9903.85.07,9903.85.09,0.5
7612.10.0000,aluminum,derivative,9903.85.07,9903.85.09,0.5
7612.90.5000,aluminum,derivative,9903.85.07,9903.85.09,0.5
7613.00.0000,aluminum,derivative,9903.85.07,9903.85.09,0.5
7614.10.10,aluminum,derivative,9903.85.07,9903.85.09,0.5
6603.90.8100,aluminum,content,9903.85.08,9903.85.09,0.5
8302.10.3000,aluminum,content,9903.85.08,9903.85.09,0.5
8302.10.6030,aluminum,content,9903.85.08,9903.85.09,0.5
8302.10.6060,aluminum,content,9903.85.08,9903.85.09,0.5
8302.10.6090,aluminum,content,9903.85.08,9903.85.09,0.5
8302.20.0000,aluminum,content,9903.85.08,9903.85.09,0.5
8302.30.3010,aluminum,content,9903.85.08,9903.85.09,0.5
8302.30.3060,aluminum,content,9903.85.08,9903.85.09,0.5
8302.41.3000,aluminum,content,9903.85.08,9903.85.09,0.5
8302.41.6015,aluminum,content,9903.85.08,9903.85.09,0.5
8302.41.6045,aluminum,content,9903.85.08,9903.85.09,0.5
8302.41.6050,aluminum,content,9903.85.08,9903.85.09,0.5
8302.41.6080,aluminum,content,9903.85.08,9903.85.09,0.5
8302.42.3010,aluminum,content,9903.85.08,9903.85.09,0.5
8302.42.3015,aluminum,content,9903.85.08,9903.85.09,0.5
8302.42.3065,aluminum,content,9903.85.08,9903.85.09,0.5
8302.49.6035,aluminum,content,9903.85.08,9903.85.09,0.5
8302.49.6045,aluminum,content,9903.85.08,9903.85.09,0.5
8302.49.6055,aluminum,content,9903.85.08,9903.85.09,0.5
8302.49.6085,aluminum,content,9903.85.08,9903.85.09,0.5
8302.50.0000,aluminum,content,9903.85.08,9903.85.09,0.5
8302.60.3000,aluminum,content,9903.85.08,9903.85.09,0.5
8302.60.9000,aluminum,content,9903.85.08,9903.85.09,0.5
8305.10.0050,aluminum,content,9903.85.08,9903.85.09,0.5
8306.30.0000,aluminum,content,9903.85.08,9903.85.09,0.5
8414.59.6590,aluminum,content,9903.85.08,9903.85.09,0.5
8415.90.8025,aluminum,content,9903.85.08,9903.85.09,0.5
8415.90.8045,aluminum,content,9903.85.08,9903.85.09,0.5
8415.90.8085,aluminum,content,9903.85.08,9903.85.09,0.5
8418.99.8005,aluminum,content,9903.85.08,9903.85.09,0.5
8418.99.8050,aluminum,content,9903.85.08,9903.85.09,0.5
8418.99.8060,aluminum,content,9903.85.08,9903.85.09,0.5
8419.50.5000,aluminum,content,9903.85.08,9903.85.09,0.5
8419.90.1000,aluminum,content,9903.85.08,9903.85.09,0.5
8422.90.0640,aluminum,content,9903.85.08,9903.85.09,0.5
8424.90.9080,aluminum,content,9903.85.08,9903.85.09,0.5
8473.30.2000,aluminum,content,9903.85.08,9903.85.09,0.5
8473.30.5100,aluminum,content,9903.85.08,9903.85.09,0.5
8479.89.9599,aluminum,content,9903.85.08,9903.85.09,0.5
8479.90.8500,aluminum,content,9903.85.08,9903.85.09,0.5
8479.90.9596,aluminum,content,9903.85.08,9903.85.09,0.5
8481.90.9060,aluminum,content,9903.85.08,9903.85.09,0.5
8481.90.9085,aluminum,content,9903.85.08,9903.85.09,0.5
8486.90.0000,aluminum,content,9903.85.08,9903.85.09,0.5
8487.90.0080,aluminum,content,9903.85.08,9903.85.09,0.5
8503.00.9520,aluminum,content,9903.85.08,9903.85.09,0.5
8508.70.0000,aluminum,content,9903.85.08,9903.85.09,0.5
8513.90.2000,aluminum,content,9903.85.08,9903.85.09,0.5
8515.90.2000,aluminum,content,9903.85.08,9903.85.09,0.5
8516.90.5000,aluminum,content,9903.85.08,9903.85.09,0.5
8516.90.8050,aluminum,content,9903.85.08,9903.85.09,0.5
8517.71.0000,aluminum,content,9903.85.08,9903.85.09,0.5
8517.79.0000,aluminum,content,9903.85.08,9903.85.09,0.5
8529.90.7300,aluminum,content,9903.85.08,9903.85.09,0.5
8529.90.9760,aluminum,content,9903.85.08,9903.85.09,0.5
8536.90.8585,aluminum,content,9903.85.08,9903.85.09,0.5
8538.10.0000,aluminum,content,9903.85.08,9903.85.09,0.5
8541.90.0000,aluminum,content,9903.85.08,9903.85.09,0.5
8543.90.8885,aluminum,content,9903.85.08,9903.85.09,0.5
8547.90.0020,aluminum,content,9903.85.08,9903.85.09,0.5
8547.90.0030,aluminum,content,9903.85.08,9903.85.09,0.5
8547.90.0040,aluminum,content,9903.85.08,9903.85.09,0.5
8708.10.3050,aluminum,content,9903.85.08,9903.85.09,0.5
8708.10.60,aluminum,content,9903.85.08,9903.85.09,0.5
8708.29.5160,aluminum,content,9903.85.08,9903.85.09,0.5
8708.80.6590,aluminum,content,9903.85.08,9903.85.09,0.5
8708.99.6890,aluminum,content,9903.85.08,9903.85.09,0.5
8716.80.5010,aluminum,content,9903.85.08,9903.85.09,0.5
8807.30.0060,aluminum,content,9903.85.08,9903.85.09,0.5
9013.90.8000,aluminum,content,9903.85.08,9903.85.09,0.5
9031.90.9195,aluminum,content,9903.85.08,9903.85.09,0.5
9401.99.9081,aluminum,content,9903.85.08,9903.85.09,0.5
9403.10.00,aluminum,content,9903.85.08,9903.85.09,0.5
9403.20.00,aluminum,content,9903.85.08,9903.85.09,0.5
9403.99.1040,aluminum,content,9903.85.08,9903.85.09,0.5
9403.99.9010,aluminum,content,9903.85.08,9903.85.09,0.5
9403.99.9015,aluminum,content,9903.85.08,9903.85.09,0.5
9403.99.9020,aluminum,content,9903.85.08,9903.85.09,0.5
9403.99.9040,aluminum,content,9903.85.08,9903.85.09,0.5
9403.99.9045,aluminum,content,9903.85.08,9903.85.09,0.5
9405.99.4020,aluminum,content,9903.85.08,9903.85.09,0.5
9506.11.4080,aluminum,content,9903.85.08,9903.85.09,0.5
9506.51.4000,aluminum,content,9903.85.08,9903.85.09,0.5
9506.51.6000,aluminum,content,9903.85.08,9903.85.09,0.5
9506.59.4040,aluminum,content,9903.85.08,9903.85.09,0.5
9506.70.2090,aluminum,content,9903.85.08,9903.85.09,0.5
9506.91.0010,aluminum,content,9903.85.08,9903.85.09,0.5
9506.91.0020,aluminum,content,9903.85.08,9903.85.09,0.5
9506.91.0030,aluminum,content,9903.85.08,9903.85.09,0.5
9506.99.0510,aluminum,content,9903.85.08,9903.85.09,0.5
9506.99.0520,aluminum,content,9903.85.08,9903.85.09,0.5
9506.99.0530,aluminum,content,9903.85.08,9903.85.09,0.5
9506.99.1500,aluminum,content,9903.85.08,9903.85.09,0.5
9506.99.2000,aluminum,content,9903.85.08,9903.85.09,0.5
9506.99.2580,aluminum,content,9903.85.08,9903.85.09,0.5
9506.99.2800,aluminum,content,9903.85.08,9903.85.09,0.5
9506.99.5500,aluminum,content,9903.85.08,9903.85.09,0.5
9506.99.6080,aluminum,content,9903.85.08,9903.85.09,0.5
9507.30.2000,aluminum,content,9903.85.08,9903.85.09,0.5
9507.30.4000,aluminum,content,9903.85.08,9903.85.09,0.5
9507.30.6000,aluminum,content,9903.85.08,9903.85.09,0.5
9507.30.8000,aluminum,content,9903.85.08,9903.85.09,0.5
9507.90.6000,aluminum,content,9903.85.08,9903.85.09,0.5
9603.90.8050,aluminum,content,9903.85.08,9903.85.09,0.5
2203.00.0060,aluminum,content,9903.85.08,9903.85.09,0.5
2203.00.0090,aluminum,content,9903.85.08,9903.85.09,0.5
0402.99.68,aluminum,content,9903.85.08,9903.85.09,0.5
0402.99.70,aluminum,content,9903.85.08,9903.85.09,0.5
0402.99.90,aluminum,content,9903.85.08,9903.85.09,0.5
2106.90.9998,aluminum,content,9903.85.08,9903.85.09,0.5
2710.19.3050,aluminum,content,9903.85.08,9903.85.09,0.5
2903.43.10,aluminum,content,9903.85.08,9903.85.09,0.5
2903.45.10,aluminum,content,9903.85.08,9903.85.09,0.5
2903.49.00,aluminum,content,9903.85.08,9903.85.09,0.5
2903.51.10,aluminum,content,9903.85.08,9903.85.09,0.5
2903.59.90,aluminum,content,9903.85.08,9903.85.09,0.5
3004.90.9244,aluminum,content,9903.85.08,9903.85.09,0.5
3208.10.00,aluminum,content,9903.85.08,9903.85.09,0.5
3208.20.00,aluminum,content,9903.85.08,9903.85.09,0.5
3208.90.00,aluminum,content,9903.85.08,9903.85.09,0.5
3209.10.00,aluminum,content,9903.85.08,9903.85.09,0.5
3209.90.00,aluminum,content,9903.85.08,9903.85.09,0.5
3213.90.00,aluminum,content,9903.85.08,9903.85.09,0.5
3214.10.00,aluminum,content,9903.85.08,9903.85.09,0.5
3303.00.10,aluminum,content,9903.85.08,9903.85.09,0.5
3303.00.20,aluminum,content,9903.85.08,9903.85.09,0.5
3303.00.30,aluminum,content,9903.85.08,9903.85.09,0.5
3304.30.00,aluminum,content,9903.85.08,9903.85.09,0.5
3304.99.50,aluminum,content,9903.85.08,9903.85.09,0.5
3305.10.00,aluminum,content,9903.85.08,9903.85.09,0.5
3305.30.00,aluminum,content,9903.85.08,9903.85.09,0.5
3305.90.00,aluminum,content,9903.85.08,9903.85.09,0.5
3306.90.00,aluminum,content,9903.85.08,9903.85.09,0.5
3307.10.10,aluminum,content,9903.85.08,9903.85.09,0.5
3307.10.20,aluminum,content,9903.85.08,9903.85.09,0.5
3307.20.00,aluminum,content,9903.85.08,9903.85.09,0.5
3307.49.00,aluminum,content,9903.85.08,9903.85.09,0.5
3307.90.00,aluminum,content,9903.85.08,9903.85.09,0.5
3401.30.10,aluminum,content,9903.85.08,9903.85.09,0.5
3401.30.50,aluminum,content,9903.85.08,9903.85.09,0.5
3402.31.90,aluminum,content,9903.85.08,9903.85.09,0.5
3402.49.90,aluminum,content,9903.85.08,9903.85.09,0.5
3402.50.11,aluminum,content,9903.85.08,9903.85.09,0.5
3402.50.51,aluminum,content,9903.85.08,9903.85.09,0.5
3402.90.10,aluminum,content,9903.85.08,9903.85.09,0.5
3402.90.30,aluminum,content,9903.85.08,9903.85.09,0.5
3402.90.50,aluminum,content,9903.85.08,9903.85.09,0.5
3403.19.10,aluminum,content,9903.85.08,9903.85.09,0.5
3403.19.50,aluminum,content,9903.85.08,9903.85.09,0.5
3403.99.00,aluminum,content,9903.85.08,9903.85.09,0.5
3405.10.00,aluminum,content,9903.85.08,9903.85.09,0.5
3405.20.00,aluminum,content,9903.85.08,9903.85.09,0.5
3405.40.00,aluminum,content,9903.85.08,9903.85.09,0.5
3405.90.00,aluminum,content,9903.85.08,9903.85.09,0.5
3506.10.50,aluminum,content,9903.85.08,9903.85.09,0.5
3506.91.10,aluminum,content,9903.85.08,9903.85.09,0.5
3506.91.50,aluminum,content,9903.85.08,9903.85.09,0.5
3506.99.00,aluminum,content,9903.85.08,9903.85.09,0.5
3701.30.0000,aluminum,content,9903.85.08,9903.85.09,0.5
3808.59.10,aluminum,content,9903.85.08,9903.85.09,0.5
3808.59.40,aluminum,content,9903.85.08,9903.85.09,0.5
3808.61.10,aluminum,content,9903.85.08,9903.85.09,0.5
3808.61.50,aluminum,content,9903.85.08,9903.85.09,0.5
3808.62.10,aluminum,content,9903.85.08,9903.85.09,0.5
3808.62.50,aluminum,content,9903.85.08,9903.85.09,0.5
3808.69.10,aluminum,content,9903.85.08,9903.85.09,0.5
3808.69.50,aluminum,content,9903.85.08,9903.85.09,0.5
3808.91.15,aluminum,content,9903.85.08,9903.85.09,0.5
3808.91.25,aluminum,content,9903.85.08,9903.85.09,0.5
3808.91.30,aluminum,content,9903.85.08,9903.85.09,0.5
3808.91.50,aluminum,content,9903.85.08,9903.85.09,0.5
3808.94.10,aluminum,content,9903.85.08,9903.85.09,0.5
3808.94.50,aluminum,content,9903.85.08,9903.85.09,0.5
3809.91.00,aluminum,content,9903.85.08,9903.85.09,0.5
3810.10.00,aluminum,content,9903.85.08,9903.85.09,0.5
3811.19.00,aluminum,content,9903.85.08,9903.85.09,0.5
3811.21.00,aluminum,content,9903.85.08,9903.85.09,0.5
3814.00.10,aluminum,content,9903.85.08,9903.85.09,0.5
3814.00.20,aluminum,content,9903.85.08,9903.85.09,0.5
3814.00.50,aluminum,content,9903.85.08,9903.85.09,0.5
3820.00.00,aluminum,content,9903.85.08,9903.85.09,0.5
3824.99.9397,aluminum,content,9903.85.08,9903.85.09,0.5
7308.20.0035,aluminum,content,9903.85.08,9903.85.09,0.5
8307.90.6000,aluminum,content,9903.85.08,9903.85.09,0.5
8309.90.0020,aluminum,content,9903.85.08,9903.85.09,0.5
8309.90.0025,aluminum,content,9903.85.08,9903.85.09,0.5
8412.90.9070,aluminum,content,9903.85.08,9903.85.09,0.5
8412.90.9075,aluminum,content,9903.85.08,9903.85.09,0.5
8414.80.16,aluminum,content,9903.85.08,9903.85.09,0.5
8418.10.00,aluminum,content,9903.85.08,9903.85.09,0.5
8419.50.1000,aluminum,content,9903.85.08,9903.85.09,0.5
8424.89.90,aluminum,content,9903.85.08,9903.85.09,0.5
8443.16.0000,aluminum,content,9903.85.08,9903.85.09,0.5
8450.11.00,aluminum,content,9903.85.08,9903.85.09,0.5
8451.21.00,aluminum,content,9903.85.08,9903.85.09,0.5
8467.22.00,aluminum,content,9903.85.08,9903.85.09,0.5
8467.29.00,aluminum,content,9903.85.08,9903.85.09,0.5
8467.81.00,aluminum,content,9903.85.08,9903.85.09,0.5
8467.89.50,aluminum,content,9903.85.08,9903.85.09,0.5
8483.40.5020,aluminum,content,9903.85.08,9903.85.09,0.5
8483.90.5020,aluminum,content,9903.85.08,9903.85.09,0.5
8501.64.0110,aluminum,content,9903.85.08,9903.85.09,0.5
8502.20.00,aluminum,content,9903.85.08,9903.85.09,0.5
8502.31.0000,aluminum,content,9903.85.08,9903.85.09,0.5
8503.00.9546,aluminum,content,9903.85.08,9903.85.09,0.5
8503.00.9570,aluminum,content,9903.85.08,9903.85.09,0.5
8504.31.20,aluminum,content,9903.85.08,9903.85.09,0.5
8504.31.40,aluminum,content,9903.85.08,9903.85.09,0.5
8504.31.60,aluminum,content,9903.85.08,9903.85.09,0.5
8504.33.00,aluminum,content,9903.85.08,9903.85.09,0.5
8504.34.00,aluminum,content,9903.85.08,9903.85.09,0.5
8504.90.20,aluminum,content,9903.85.08,9903.85.09,0.5
8504.90.41,aluminum,content,9903.85.08,9903.85.09,0.5
8504.90.65,aluminum,content,9903.85.08,9903.85.09,0.5
8504.90.75,aluminum,content,9903.85.08,9903.85.09,0.5
8504.90.96,aluminum,content,9903.85.08,9903.85.09,0.5
8544.19.00,aluminum,content,9903.85.08,9903.85.09,0.5
8544.42.90,aluminum,content,9903.85.08,9903.85.09,0.5
8544.49.2000,aluminum,content,9903.85.08,9903.85.09,0.5
8544.49.9000,aluminum,content,9903.85.08,9903.85.09,0.5
8544.60.2000,aluminum,content,9903.85.08,9903.85.09,0.5
8544.60.6000,aluminum,content,9903.85.08,9903.85.09,0.5
8716.39.0040,aluminum,content,9903.85.08,9903.85.09,0.5
9401.79.00,aluminum,content,9903.85.08,9903.85.09,0.5
